timestamp,zone,carbon_intensity_gco2_kwh
2026-08-27T00:00:00Z,US-CAL-CISO,210.9
2026-08-27T00:00:00Z,US-CAR-DUK,370.6
2026-08-27T00:00:00Z,US-MIDA-PJM,386.3
2026-08-27T00:00:00Z,US-NW-PACE,598.8
2026-08-27T00:00:00Z,US-NY-NYIS,290.0
2026-08-27T00:00:00Z,US-TEX-ERCO,388.6
2026-08-27T01:00:00Z,US-CAL-CISO,222.3
2026-08-27T01:00:00Z,US-CAR-DUK,368.4
2026-08-27T01:00:00Z,US-MIDA-PJM,390.5
2026-08-27T01:00:00Z,US-NW-PACE,621.8
2026-08-27T01:00:00Z,US-NY-NYIS,288.9
2026-08-27T01:00:00Z,US-TEX-ERCO,430.0
2026-08-27T02:00:00Z,US-CAL-CISO,270.2
2026-08-27T02:00:00Z,US-CAR-DUK,366.8
2026-08-27T02:00:00Z,US-MIDA-PJM,389.5
2026-08-27T02:00:00Z,US-NW-PACE,683.4
2026-08-27T02:00:00Z,US-NY-NYIS,283.9
2026-08-27T02:00:00Z,US-TEX-ERCO,445.7
2026-08-27T03:00:00Z,US-CAL-CISO,295.8
2026-08-27T03:00:00Z,US-CAR-DUK,367.6
2026-08-27T03:00:00Z,US-MIDA-PJM,389.2
2026-08-27T03:00:00Z,US-NW-PACE,663.8
2026-08-27T03:00:00Z,US-NY-NYIS,279.5
2026-08-27T03:00:00Z,US-TEX-ERCO,450.5
2026-08-27T04:00:00Z,US-CAL-CISO,295.6
2026-08-27T04:00:00Z,US-CAR-DUK,350.9
2026-08-27T04:00:00Z,US-MIDA-PJM,390.0
2026-08-27T04:00:00Z,US-NW-PACE,656.7
2026-08-27T04:00:00Z,US-NY-NYIS,269.9
2026-08-27T04:00:00Z,US-TEX-ERCO,455.7
2026-08-27T05:00:00Z,US-CAL-CISO,299.7
2026-08-27T05:00:00Z,US-CAR-DUK,337.3
2026-08-27T05:00:00Z,US-MIDA-PJM,387.0
2026-08-27T05:00:00Z,US-NW-PACE,666.5
2026-08-27T05:00:00Z,US-NY-NYIS,262.0
2026-08-27T05:00:00Z,US-TEX-ERCO,455.2
2026-08-27T06:00:00Z,US-CAL-CISO,300.4
2026-08-27T06:00:00Z,US-CAR-DUK,328.9
2026-08-27T06:00:00Z,US-MIDA-PJM,383.7
2026-08-27T06:00:00Z,US-NW-PACE,690.5
2026-08-27T06:00:00Z,US-NY-NYIS,253.2
2026-08-27T06:00:00Z,US-TEX-ERCO,453.5
2026-08-27T07:00:00Z,US-CAL-CISO,301.0
2026-08-27T07:00:00Z,US-CAR-DUK,328.7
2026-08-27T07:00:00Z,US-MIDA-PJM,377.2
2026-08-27T07:00:00Z,US-NW-PACE,713.7
2026-08-27T07:00:00Z,US-NY-NYIS,243.1
2026-08-27T07:00:00Z,US-TEX-ERCO,451.3
2026-08-27T08:00:00Z,US-CAL-CISO,302.1
2026-08-27T08:00:00Z,US-CAR-DUK,328.4
2026-08-27T08:00:00Z,US-MIDA-PJM,371.0
2026-08-27T08:00:00Z,US-NW-PACE,731.3
2026-08-27T08:00:00Z,US-NY-NYIS,245.4
2026-08-27T08:00:00Z,US-TEX-ERCO,459.1
2026-08-27T09:00:00Z,US-CAL-CISO,299.7
2026-08-27T09:00:00Z,US-CAR-DUK,329.4
2026-08-27T09:00:00Z,US-MIDA-PJM,369.1
2026-08-27T09:00:00Z,US-NW-PACE,746.6
2026-08-27T09:00:00Z,US-NY-NYIS,242.3
2026-08-27T09:00:00Z,US-TEX-ERCO,462.7
2026-08-27T10:00:00Z,US-CAL-CISO,302.2
2026-08-27T10:00:00Z,US-CAR-DUK,334.5
2026-08-27T10:00:00Z,US-MIDA-PJM,370.2
2026-08-27T10:00:00Z,US-NW-PACE,766.8
2026-08-27T10:00:00Z,US-NY-NYIS,248.6
2026-08-27T10:00:00Z,US-TEX-ERCO,468.9
2026-08-27T11:00:00Z,US-CAL-CISO,300.7
2026-08-27T11:00:00Z,US-CAR-DUK,344.6
2026-08-27T11:00:00Z,US-MIDA-PJM,377.1
2026-08-27T11:00:00Z,US-NW-PACE,780.6
2026-08-27T11:00:00Z,US-NY-NYIS,262.0
2026-08-27T11:00:00Z,US-TEX-ERCO,470.1
2026-08-27T12:00:00Z,US-CAL-CISO,303.9
2026-08-27T12:00:00Z,US-CAR-DUK,340.8
2026-08-27T12:00:00Z,US-MIDA-PJM,381.9
2026-08-27T12:00:00Z,US-NW-PACE,766.1
2026-08-27T12:00:00Z,US-NY-NYIS,269.0
2026-08-27T12:00:00Z,US-TEX-ERCO,478.0
2026-08-27T13:00:00Z,US-CAL-CISO,311.4
2026-08-27T13:00:00Z,US-CAR-DUK,324.6
2026-08-27T13:00:00Z,US-MIDA-PJM,370.0
2026-08-27T13:00:00Z,US-NW-PACE,766.1
2026-08-27T13:00:00Z,US-NY-NYIS,266.2
2026-08-27T13:00:00Z,US-TEX-ERCO,470.2
2026-08-27T14:00:00Z,US-CAL-CISO,310.9
2026-08-27T14:00:00Z,US-CAR-DUK,326.1
2026-08-27T14:00:00Z,US-MIDA-PJM,358.7
2026-08-27T14:00:00Z,US-NW-PACE,716.0
2026-08-27T14:00:00Z,US-NY-NYIS,270.7
2026-08-27T14:00:00Z,US-TEX-ERCO,396.9
2026-08-27T15:00:00Z,US-CAL-CISO,282.4
2026-08-27T15:00:00Z,US-CAR-DUK,331.6
2026-08-27T15:00:00Z,US-MIDA-PJM,356.6
2026-08-27T15:00:00Z,US-NW-PACE,588.8
2026-08-27T15:00:00Z,US-NY-NYIS,272.1
2026-08-27T15:00:00Z,US-TEX-ERCO,335.9
2026-08-27T16:00:00Z,US-CAL-CISO,254.6
2026-08-27T16:00:00Z,US-CAR-DUK,338.3
2026-08-27T16:00:00Z,US-MIDA-PJM,357.3
2026-08-27T16:00:00Z,US-NW-PACE,555.7
2026-08-27T16:00:00Z,US-NY-NYIS,272.2
2026-08-27T16:00:00Z,US-TEX-ERCO,303.3
2026-08-27T17:00:00Z,US-CAL-CISO,243.4
2026-08-27T17:00:00Z,US-CAR-DUK,357.2
2026-08-27T17:00:00Z,US-MIDA-PJM,363.0
2026-08-27T17:00:00Z,US-NW-PACE,571.8
2026-08-27T17:00:00Z,US-NY-NYIS,277.7
2026-08-27T17:00:00Z,US-TEX-ERCO,282.7
2026-08-27T18:00:00Z,US-CAL-CISO,236.5
2026-08-27T18:00:00Z,US-CAR-DUK,368.5
2026-08-27T18:00:00Z,US-MIDA-PJM,365.8
2026-08-27T18:00:00Z,US-NW-PACE,565.0
2026-08-27T18:00:00Z,US-NY-NYIS,291.8
2026-08-27T18:00:00Z,US-TEX-ERCO,281.7
2026-08-27T19:00:00Z,US-CAL-CISO,232.4
2026-08-27T19:00:00Z,US-CAR-DUK,374.2
2026-08-27T19:00:00Z,US-MIDA-PJM,366.3
2026-08-27T19:00:00Z,US-NW-PACE,557.0
2026-08-27T19:00:00Z,US-NY-NYIS,281.5
2026-08-27T19:00:00Z,US-TEX-ERCO,305.9
2026-08-27T20:00:00Z,US-CAL-CISO,236.5
2026-08-27T20:00:00Z,US-CAR-DUK,378.8
2026-08-27T20:00:00Z,US-MIDA-PJM,372.3
2026-08-27T20:00:00Z,US-NW-PACE,572.8
2026-08-27T20:00:00Z,US-NY-NYIS,276.9
2026-08-27T20:00:00Z,US-TEX-ERCO,313.3
2026-08-27T21:00:00Z,US-CAL-CISO,234.8
2026-08-27T21:00:00Z,US-CAR-DUK,377.5
2026-08-27T21:00:00Z,US-MIDA-PJM,378.9
2026-08-27T21:00:00Z,US-NW-PACE,575.9
2026-08-27T21:00:00Z,US-NY-NYIS,276.2
2026-08-27T21:00:00Z,US-TEX-ERCO,313.2
2026-08-27T22:00:00Z,US-CAL-CISO,235.4
2026-08-27T22:00:00Z,US-CAR-DUK,380.9
2026-08-27T22:00:00Z,US-MIDA-PJM,384.4
2026-08-27T22:00:00Z,US-NW-PACE,601.6
2026-08-27T22:00:00Z,US-NY-NYIS,277.1
2026-08-27T22:00:00Z,US-TEX-ERCO,313.0
2026-08-27T23:00:00Z,US-CAL-CISO,242.2
2026-08-27T23:00:00Z,US-CAR-DUK,381.3
2026-08-27T23:00:00Z,US-MIDA-PJM,391.7
2026-08-27T23:00:00Z,US-NW-PACE,597.3
2026-08-27T23:00:00Z,US-NY-NYIS,282.8
2026-08-27T23:00:00Z,US-TEX-ERCO,310.9
2026-08-28T00:00:00Z,US-CAL-CISO,252.6
2026-08-28T00:00:00Z,US-CAR-DUK,383.5
2026-08-28T00:00:00Z,US-MIDA-PJM,403.7
2026-08-28T00:00:00Z,US-NW-PACE,611.1
2026-08-28T00:00:00Z,US-NY-NYIS,288.8
2026-08-28T00:00:00Z,US-TEX-ERCO,334.6
2026-08-28T01:00:00Z,US-CAL-CISO,265.1
2026-08-28T01:00:00Z,US-CAR-DUK,386.5
2026-08-28T01:00:00Z,US-MIDA-PJM,409.8
2026-08-28T01:00:00Z,US-NW-PACE,662.1
2026-08-28T01:00:00Z,US-NY-NYIS,288.0
2026-08-28T01:00:00Z,US-TEX-ERCO,406.1
2026-08-28T02:00:00Z,US-CAL-CISO,277.1
2026-08-28T02:00:00Z,US-CAR-DUK,389.7
2026-08-28T02:00:00Z,US-MIDA-PJM,412.5
2026-08-28T02:00:00Z,US-NW-PACE,713.3
2026-08-28T02:00:00Z,US-NY-NYIS,284.3
2026-08-28T02:00:00Z,US-TEX-ERCO,429.7
2026-08-28T03:00:00Z,US-CAL-CISO,289.9
2026-08-28T03:00:00Z,US-CAR-DUK,383.7
2026-08-28T03:00:00Z,US-MIDA-PJM,408.8
2026-08-28T03:00:00Z,US-NW-PACE,691.1
2026-08-28T03:00:00Z,US-NY-NYIS,287.8
2026-08-28T03:00:00Z,US-TEX-ERCO,436.4
2026-08-28T04:00:00Z,US-CAL-CISO,298.6
2026-08-28T04:00:00Z,US-CAR-DUK,376.5
2026-08-28T04:00:00Z,US-MIDA-PJM,404.4
2026-08-28T04:00:00Z,US-NW-PACE,643.0
2026-08-28T04:00:00Z,US-NY-NYIS,286.2
2026-08-28T04:00:00Z,US-TEX-ERCO,447.6
2026-08-28T05:00:00Z,US-CAL-CISO,307.7
2026-08-28T05:00:00Z,US-CAR-DUK,368.9
2026-08-28T05:00:00Z,US-MIDA-PJM,401.4
2026-08-28T05:00:00Z,US-NW-PACE,676.3
2026-08-28T05:00:00Z,US-NY-NYIS,281.0
2026-08-28T05:00:00Z,US-TEX-ERCO,454.6
2026-08-28T06:00:00Z,US-CAL-CISO,319.8
2026-08-28T06:00:00Z,US-CAR-DUK,367.5
2026-08-28T06:00:00Z,US-MIDA-PJM,396.2
2026-08-28T06:00:00Z,US-NW-PACE,677.4
2026-08-28T06:00:00Z,US-NY-NYIS,273.1
2026-08-28T06:00:00Z,US-TEX-ERCO,456.0
2026-08-28T07:00:00Z,US-CAL-CISO,331.0
2026-08-28T07:00:00Z,US-CAR-DUK,346.0
2026-08-28T07:00:00Z,US-MIDA-PJM,391.5
2026-08-28T07:00:00Z,US-NW-PACE,691.4
2026-08-28T07:00:00Z,US-NY-NYIS,267.7
2026-08-28T07:00:00Z,US-TEX-ERCO,457.6
2026-08-28T08:00:00Z,US-CAL-CISO,335.4
2026-08-28T08:00:00Z,US-CAR-DUK,334.0
2026-08-28T08:00:00Z,US-MIDA-PJM,386.2
2026-08-28T08:00:00Z,US-NW-PACE,712.8
2026-08-28T08:00:00Z,US-NY-NYIS,267.9
2026-08-28T08:00:00Z,US-TEX-ERCO,461.0
2026-08-28T09:00:00Z,US-CAL-CISO,333.0
2026-08-28T09:00:00Z,US-CAR-DUK,333.8
2026-08-28T09:00:00Z,US-MIDA-PJM,383.4
2026-08-28T09:00:00Z,US-NW-PACE,721.6
2026-08-28T09:00:00Z,US-NY-NYIS,270.8
2026-08-28T09:00:00Z,US-TEX-ERCO,462.9
2026-08-28T10:00:00Z,US-CAL-CISO,331.4
2026-08-28T10:00:00Z,US-CAR-DUK,335.8
2026-08-28T10:00:00Z,US-MIDA-PJM,385.8
2026-08-28T10:00:00Z,US-NW-PACE,733.1
2026-08-28T10:00:00Z,US-NY-NYIS,277.6
2026-08-28T10:00:00Z,US-TEX-ERCO,472.5
2026-08-28T11:00:00Z,US-CAL-CISO,328.2
2026-08-28T11:00:00Z,US-CAR-DUK,338.0
2026-08-28T11:00:00Z,US-MIDA-PJM,393.9
2026-08-28T11:00:00Z,US-NW-PACE,731.9
2026-08-28T11:00:00Z,US-NY-NYIS,287.0
2026-08-28T11:00:00Z,US-TEX-ERCO,484.0
2026-08-28T12:00:00Z,US-CAL-CISO,325.5
2026-08-28T12:00:00Z,US-CAR-DUK,335.9
2026-08-28T12:00:00Z,US-MIDA-PJM,394.9
2026-08-28T12:00:00Z,US-NW-PACE,710.7
2026-08-28T12:00:00Z,US-NY-NYIS,285.9
2026-08-28T12:00:00Z,US-TEX-ERCO,484.1
2026-08-28T13:00:00Z,US-CAL-CISO,323.2
2026-08-28T13:00:00Z,US-CAR-DUK,325.2
2026-08-28T13:00:00Z,US-MIDA-PJM,379.2
2026-08-28T13:00:00Z,US-NW-PACE,694.4
2026-08-28T13:00:00Z,US-NY-NYIS,282.1
2026-08-28T13:00:00Z,US-TEX-ERCO,476.1
2026-08-28T14:00:00Z,US-CAL-CISO,321.5
2026-08-28T14:00:00Z,US-CAR-DUK,318.1
2026-08-28T14:00:00Z,US-MIDA-PJM,366.7
2026-08-28T14:00:00Z,US-NW-PACE,684.5
2026-08-28T14:00:00Z,US-NY-NYIS,279.6
2026-08-28T14:00:00Z,US-TEX-ERCO,390.4
2026-08-28T15:00:00Z,US-CAL-CISO,267.1
2026-08-28T15:00:00Z,US-CAR-DUK,329.3
2026-08-28T15:00:00Z,US-MIDA-PJM,361.4
2026-08-28T15:00:00Z,US-NW-PACE,621.4
2026-08-28T15:00:00Z,US-NY-NYIS,274.2
2026-08-28T15:00:00Z,US-TEX-ERCO,329.0
2026-08-28T16:00:00Z,US-CAL-CISO,229.9
2026-08-28T16:00:00Z,US-CAR-DUK,338.6
2026-08-28T16:00:00Z,US-MIDA-PJM,360.8
2026-08-28T16:00:00Z,US-NW-PACE,530.9
2026-08-28T16:00:00Z,US-NY-NYIS,277.0
2026-08-28T16:00:00Z,US-TEX-ERCO,327.5
2026-08-28T17:00:00Z,US-CAL-CISO,213.7
2026-08-28T17:00:00Z,US-CAR-DUK,361.4
2026-08-28T17:00:00Z,US-MIDA-PJM,362.9
2026-08-28T17:00:00Z,US-NW-PACE,444.1
2026-08-28T17:00:00Z,US-NY-NYIS,277.6
2026-08-28T17:00:00Z,US-TEX-ERCO,328.4
2026-08-28T18:00:00Z,US-CAL-CISO,209.1
2026-08-28T18:00:00Z,US-CAR-DUK,371.5
2026-08-28T18:00:00Z,US-MIDA-PJM,363.1
2026-08-28T18:00:00Z,US-NW-PACE,429.7
2026-08-28T18:00:00Z,US-NY-NYIS,281.2
2026-08-28T18:00:00Z,US-TEX-ERCO,329.5
2026-08-28T19:00:00Z,US-CAL-CISO,209.7
2026-08-28T19:00:00Z,US-CAR-DUK,374.4
2026-08-28T19:00:00Z,US-MIDA-PJM,361.3
2026-08-28T19:00:00Z,US-NW-PACE,435.0
2026-08-28T19:00:00Z,US-NY-NYIS,284.2
2026-08-28T19:00:00Z,US-TEX-ERCO,334.3
2026-08-28T20:00:00Z,US-CAL-CISO,210.3
2026-08-28T20:00:00Z,US-CAR-DUK,377.6
2026-08-28T20:00:00Z,US-MIDA-PJM,366.3
2026-08-28T20:00:00Z,US-NW-PACE,453.4
2026-08-28T20:00:00Z,US-NY-NYIS,284.7
2026-08-28T20:00:00Z,US-TEX-ERCO,337.6
2026-08-28T21:00:00Z,US-CAL-CISO,204.7
2026-08-28T21:00:00Z,US-CAR-DUK,379.3
2026-08-28T21:00:00Z,US-MIDA-PJM,376.4
2026-08-28T21:00:00Z,US-NW-PACE,457.6
2026-08-28T21:00:00Z,US-NY-NYIS,283.8
2026-08-28T21:00:00Z,US-TEX-ERCO,339.9
2026-08-28T22:00:00Z,US-CAL-CISO,204.9
2026-08-28T22:00:00Z,US-CAR-DUK,381.8
2026-08-28T22:00:00Z,US-MIDA-PJM,382.9
2026-08-28T22:00:00Z,US-NW-PACE,440.0
2026-08-28T22:00:00Z,US-NY-NYIS,287.6
2026-08-28T22:00:00Z,US-TEX-ERCO,343.2
2026-08-28T23:00:00Z,US-CAL-CISO,209.1
2026-08-28T23:00:00Z,US-CAR-DUK,383.9
2026-08-28T23:00:00Z,US-MIDA-PJM,389.6
2026-08-28T23:00:00Z,US-NW-PACE,420.1
2026-08-28T23:00:00Z,US-NY-NYIS,290.6
2026-08-28T23:00:00Z,US-TEX-ERCO,349.4
2026-08-29T00:00:00Z,US-CAL-CISO,220.0
2026-08-29T00:00:00Z,US-CAR-DUK,385.9
2026-08-29T00:00:00Z,US-MIDA-PJM,400.9
2026-08-29T00:00:00Z,US-NW-PACE,425.6
2026-08-29T00:00:00Z,US-NY-NYIS,293.6
2026-08-29T00:00:00Z,US-TEX-ERCO,369.6
2026-08-29T01:00:00Z,US-CAL-CISO,243.2
2026-08-29T01:00:00Z,US-CAR-DUK,385.3
2026-08-29T01:00:00Z,US-MIDA-PJM,404.8
2026-08-29T01:00:00Z,US-NW-PACE,489.3
2026-08-29T01:00:00Z,US-NY-NYIS,292.3
2026-08-29T01:00:00Z,US-TEX-ERCO,410.1
2026-08-29T02:00:00Z,US-CAL-CISO,277.7
2026-08-29T02:00:00Z,US-CAR-DUK,385.9
2026-08-29T02:00:00Z,US-MIDA-PJM,407.0
2026-08-29T02:00:00Z,US-NW-PACE,581.1
2026-08-29T02:00:00Z,US-NY-NYIS,290.4
2026-08-29T02:00:00Z,US-TEX-ERCO,420.3
2026-08-29T03:00:00Z,US-CAL-CISO,292.8
2026-08-29T03:00:00Z,US-CAR-DUK,369.5
2026-08-29T03:00:00Z,US-MIDA-PJM,406.1
2026-08-29T03:00:00Z,US-NW-PACE,592.1
2026-08-29T03:00:00Z,US-NY-NYIS,297.4
2026-08-29T03:00:00Z,US-TEX-ERCO,407.3
2026-08-29T04:00:00Z,US-CAL-CISO,286.7
2026-08-29T04:00:00Z,US-CAR-DUK,341.5
2026-08-29T04:00:00Z,US-MIDA-PJM,398.6
2026-08-29T04:00:00Z,US-NW-PACE,572.8
2026-08-29T04:00:00Z,US-NY-NYIS,296.1
2026-08-29T04:00:00Z,US-TEX-ERCO,392.0
2026-08-29T05:00:00Z,US-CAL-CISO,296.0
2026-08-29T05:00:00Z,US-CAR-DUK,324.9
2026-08-29T05:00:00Z,US-MIDA-PJM,385.0
2026-08-29T05:00:00Z,US-NW-PACE,585.5
2026-08-29T05:00:00Z,US-NY-NYIS,289.1
2026-08-29T05:00:00Z,US-TEX-ERCO,385.0
2026-08-29T06:00:00Z,US-CAL-CISO,300.2
2026-08-29T06:00:00Z,US-CAR-DUK,325.0
2026-08-29T06:00:00Z,US-MIDA-PJM,374.4
2026-08-29T06:00:00Z,US-NW-PACE,601.4
2026-08-29T06:00:00Z,US-NY-NYIS,283.6
2026-08-29T06:00:00Z,US-TEX-ERCO,387.2
2026-08-29T07:00:00Z,US-CAL-CISO,300.3
2026-08-29T07:00:00Z,US-CAR-DUK,324.6
2026-08-29T07:00:00Z,US-MIDA-PJM,367.4
2026-08-29T07:00:00Z,US-NW-PACE,607.0
2026-08-29T07:00:00Z,US-NY-NYIS,272.2
2026-08-29T07:00:00Z,US-TEX-ERCO,393.4
2026-08-29T08:00:00Z,US-CAL-CISO,297.2
2026-08-29T08:00:00Z,US-CAR-DUK,319.0
2026-08-29T08:00:00Z,US-MIDA-PJM,361.8
2026-08-29T08:00:00Z,US-NW-PACE,583.8
2026-08-29T08:00:00Z,US-NY-NYIS,268.7
2026-08-29T08:00:00Z,US-TEX-ERCO,396.1
2026-08-29T09:00:00Z,US-CAL-CISO,288.6
2026-08-29T09:00:00Z,US-CAR-DUK,313.4
2026-08-29T09:00:00Z,US-MIDA-PJM,356.9
2026-08-29T09:00:00Z,US-NW-PACE,620.3
2026-08-29T09:00:00Z,US-NY-NYIS,264.4
2026-08-29T09:00:00Z,US-TEX-ERCO,407.4
2026-08-29T10:00:00Z,US-CAL-CISO,272.3
2026-08-29T10:00:00Z,US-CAR-DUK,313.0
2026-08-29T10:00:00Z,US-MIDA-PJM,353.3
2026-08-29T10:00:00Z,US-NW-PACE,659.7
2026-08-29T10:00:00Z,US-NY-NYIS,268.0
2026-08-29T10:00:00Z,US-TEX-ERCO,410.0
2026-08-29T11:00:00Z,US-CAL-CISO,256.5
2026-08-29T11:00:00Z,US-CAR-DUK,319.2
2026-08-29T11:00:00Z,US-MIDA-PJM,353.8
2026-08-29T11:00:00Z,US-NW-PACE,634.6
2026-08-29T11:00:00Z,US-NY-NYIS,272.2
2026-08-29T11:00:00Z,US-TEX-ERCO,418.1
2026-08-29T12:00:00Z,US-CAL-CISO,232.3
2026-08-29T12:00:00Z,US-CAR-DUK,323.6
2026-08-29T12:00:00Z,US-MIDA-PJM,349.0
2026-08-29T12:00:00Z,US-NW-PACE,541.7
2026-08-29T12:00:00Z,US-NY-NYIS,275.3
2026-08-29T12:00:00Z,US-TEX-ERCO,415.1
2026-08-29T13:00:00Z,US-CAL-CISO,229.4
2026-08-29T13:00:00Z,US-CAR-DUK,320.4
2026-08-29T13:00:00Z,US-MIDA-PJM,331.7
2026-08-29T13:00:00Z,US-NW-PACE,519.8
2026-08-29T13:00:00Z,US-NY-NYIS,269.0
2026-08-29T13:00:00Z,US-TEX-ERCO,405.4
2026-08-29T14:00:00Z,US-CAL-CISO,227.1
2026-08-29T14:00:00Z,US-CAR-DUK,320.7
2026-08-29T14:00:00Z,US-MIDA-PJM,321.0
2026-08-29T14:00:00Z,US-NW-PACE,540.6
2026-08-29T14:00:00Z,US-NY-NYIS,264.5
2026-08-29T14:00:00Z,US-TEX-ERCO,311.7
2026-08-29T15:00:00Z,US-CAL-CISO,153.0
2026-08-29T15:00:00Z,US-CAR-DUK,325.0
2026-08-29T15:00:00Z,US-MIDA-PJM,321.9
2026-08-29T15:00:00Z,US-NW-PACE,490.7
2026-08-29T15:00:00Z,US-NY-NYIS,249.8
2026-08-29T15:00:00Z,US-TEX-ERCO,258.6
2026-08-29T16:00:00Z,US-CAL-CISO,121.8
2026-08-29T16:00:00Z,US-CAR-DUK,327.3
2026-08-29T16:00:00Z,US-MIDA-PJM,326.5
2026-08-29T16:00:00Z,US-NW-PACE,436.6
2026-08-29T16:00:00Z,US-NY-NYIS,247.4
2026-08-29T16:00:00Z,US-TEX-ERCO,254.3
2026-08-29T17:00:00Z,US-CAL-CISO,119.1
2026-08-29T17:00:00Z,US-CAR-DUK,338.3
2026-08-29T17:00:00Z,US-MIDA-PJM,330.0
2026-08-29T17:00:00Z,US-NW-PACE,359.6
2026-08-29T17:00:00Z,US-NY-NYIS,247.1
2026-08-29T17:00:00Z,US-TEX-ERCO,251.9
2026-08-29T18:00:00Z,US-CAL-CISO,115.5
2026-08-29T18:00:00Z,US-CAR-DUK,355.7
2026-08-29T18:00:00Z,US-MIDA-PJM,339.0
2026-08-29T18:00:00Z,US-NW-PACE,330.7
2026-08-29T18:00:00Z,US-NY-NYIS,247.1
2026-08-29T18:00:00Z,US-TEX-ERCO,264.4
2026-08-29T19:00:00Z,US-CAL-CISO,112.6
2026-08-29T19:00:00Z,US-CAR-DUK,367.8
2026-08-29T19:00:00Z,US-MIDA-PJM,342.4
2026-08-29T19:00:00Z,US-NW-PACE,354.5
2026-08-29T19:00:00Z,US-NY-NYIS,254.7
2026-08-29T19:00:00Z,US-TEX-ERCO,279.8
2026-08-29T20:00:00Z,US-CAL-CISO,118.5
2026-08-29T20:00:00Z,US-CAR-DUK,367.9
2026-08-29T20:00:00Z,US-MIDA-PJM,341.4
2026-08-29T20:00:00Z,US-NW-PACE,371.0
2026-08-29T20:00:00Z,US-NY-NYIS,268.1
2026-08-29T20:00:00Z,US-TEX-ERCO,295.2
2026-08-29T21:00:00Z,US-CAL-CISO,123.8
2026-08-29T21:00:00Z,US-CAR-DUK,369.0
2026-08-29T21:00:00Z,US-MIDA-PJM,344.9
2026-08-29T21:00:00Z,US-NW-PACE,358.0
2026-08-29T21:00:00Z,US-NY-NYIS,267.2
2026-08-29T21:00:00Z,US-TEX-ERCO,306.6
2026-08-29T22:00:00Z,US-CAL-CISO,126.4
2026-08-29T22:00:00Z,US-CAR-DUK,373.4
2026-08-29T22:00:00Z,US-MIDA-PJM,357.7
2026-08-29T22:00:00Z,US-NW-PACE,371.4
2026-08-29T22:00:00Z,US-NY-NYIS,271.6
2026-08-29T22:00:00Z,US-TEX-ERCO,312.0
2026-08-29T23:00:00Z,US-CAL-CISO,128.8
2026-08-29T23:00:00Z,US-CAR-DUK,377.2
2026-08-29T23:00:00Z,US-MIDA-PJM,367.2
2026-08-29T23:00:00Z,US-NW-PACE,385.0
2026-08-29T23:00:00Z,US-NY-NYIS,278.9
2026-08-29T23:00:00Z,US-TEX-ERCO,317.3
2026-08-30T00:00:00Z,US-CAL-CISO,127.4
2026-08-30T00:00:00Z,US-CAR-DUK,383.5
2026-08-30T00:00:00Z,US-MIDA-PJM,377.0
2026-08-30T00:00:00Z,US-NW-PACE,400.3
2026-08-30T00:00:00Z,US-NY-NYIS,279.1
2026-08-30T00:00:00Z,US-TEX-ERCO,339.8
2026-08-30T01:00:00Z,US-CAL-CISO,149.9
2026-08-30T01:00:00Z,US-CAR-DUK,382.3
2026-08-30T01:00:00Z,US-MIDA-PJM,374.4
2026-08-30T01:00:00Z,US-NW-PACE,420.3
2026-08-30T01:00:00Z,US-NY-NYIS,273.1
2026-08-30T01:00:00Z,US-TEX-ERCO,385.4
2026-08-30T02:00:00Z,US-CAL-CISO,226.5
2026-08-30T02:00:00Z,US-CAR-DUK,380.9
2026-08-30T02:00:00Z,US-MIDA-PJM,373.3
2026-08-30T02:00:00Z,US-NW-PACE,451.1
2026-08-30T02:00:00Z,US-NY-NYIS,261.1
2026-08-30T02:00:00Z,US-TEX-ERCO,395.3
2026-08-30T03:00:00Z,US-CAL-CISO,251.8
2026-08-30T03:00:00Z,US-CAR-DUK,378.5
2026-08-30T03:00:00Z,US-MIDA-PJM,371.0
2026-08-30T03:00:00Z,US-NW-PACE,477.7
2026-08-30T03:00:00Z,US-NY-NYIS,259.8
2026-08-30T03:00:00Z,US-TEX-ERCO,384.3
2026-08-30T04:00:00Z,US-CAL-CISO,251.1
2026-08-30T04:00:00Z,US-CAR-DUK,352.2
2026-08-30T04:00:00Z,US-MIDA-PJM,361.6
2026-08-30T04:00:00Z,US-NW-PACE,489.6
2026-08-30T04:00:00Z,US-NY-NYIS,249.4
2026-08-30T04:00:00Z,US-TEX-ERCO,372.5
2026-08-30T05:00:00Z,US-CAL-CISO,253.2
2026-08-30T05:00:00Z,US-CAR-DUK,325.3
2026-08-30T05:00:00Z,US-MIDA-PJM,354.2
2026-08-30T05:00:00Z,US-NW-PACE,503.0
2026-08-30T05:00:00Z,US-NY-NYIS,249.0
2026-08-30T05:00:00Z,US-TEX-ERCO,359.9
2026-08-30T06:00:00Z,US-CAL-CISO,249.9
2026-08-30T06:00:00Z,US-CAR-DUK,315.4
2026-08-30T06:00:00Z,US-MIDA-PJM,351.8
2026-08-30T06:00:00Z,US-NW-PACE,492.4
2026-08-30T06:00:00Z,US-NY-NYIS,242.1
2026-08-30T06:00:00Z,US-TEX-ERCO,349.4
2026-08-30T07:00:00Z,US-CAL-CISO,249.0
2026-08-30T07:00:00Z,US-CAR-DUK,315.7
2026-08-30T07:00:00Z,US-MIDA-PJM,349.8
2026-08-30T07:00:00Z,US-NW-PACE,473.3
2026-08-30T07:00:00Z,US-NY-NYIS,235.8
2026-08-30T07:00:00Z,US-TEX-ERCO,341.3
2026-08-30T08:00:00Z,US-CAL-CISO,237.5
2026-08-30T08:00:00Z,US-CAR-DUK,314.4
2026-08-30T08:00:00Z,US-MIDA-PJM,348.1
2026-08-30T08:00:00Z,US-NW-PACE,483.7
2026-08-30T08:00:00Z,US-NY-NYIS,233.3
2026-08-30T08:00:00Z,US-TEX-ERCO,334.7
2026-08-30T09:00:00Z,US-CAL-CISO,231.3
2026-08-30T09:00:00Z,US-CAR-DUK,314.2
2026-08-30T09:00:00Z,US-MIDA-PJM,346.6
2026-08-30T09:00:00Z,US-NW-PACE,469.5
2026-08-30T09:00:00Z,US-NY-NYIS,235.8
2026-08-30T09:00:00Z,US-TEX-ERCO,333.2
2026-08-30T10:00:00Z,US-CAL-CISO,228.8
2026-08-30T10:00:00Z,US-CAR-DUK,315.0
2026-08-30T10:00:00Z,US-MIDA-PJM,347.6
2026-08-30T10:00:00Z,US-NW-PACE,422.6
2026-08-30T10:00:00Z,US-NY-NYIS,236.7
2026-08-30T10:00:00Z,US-TEX-ERCO,336.2
2026-08-30T11:00:00Z,US-CAL-CISO,219.0
2026-08-30T11:00:00Z,US-CAR-DUK,315.9
2026-08-30T11:00:00Z,US-MIDA-PJM,351.1
2026-08-30T11:00:00Z,US-NW-PACE,434.1
2026-08-30T11:00:00Z,US-NY-NYIS,240.0
2026-08-30T11:00:00Z,US-TEX-ERCO,343.5
2026-08-30T12:00:00Z,US-CAL-CISO,220.1
2026-08-30T12:00:00Z,US-CAR-DUK,323.0
2026-08-30T12:00:00Z,US-MIDA-PJM,349.8
2026-08-30T12:00:00Z,US-NW-PACE,435.8
2026-08-30T12:00:00Z,US-NY-NYIS,242.2
2026-08-30T12:00:00Z,US-TEX-ERCO,356.2
2026-08-30T13:00:00Z,US-CAL-CISO,222.4
2026-08-30T13:00:00Z,US-CAR-DUK,323.7
2026-08-30T13:00:00Z,US-MIDA-PJM,339.1
2026-08-30T13:00:00Z,US-NW-PACE,450.2
2026-08-30T13:00:00Z,US-NY-NYIS,249.3
2026-08-30T13:00:00Z,US-TEX-ERCO,356.8
2026-08-30T14:00:00Z,US-CAL-CISO,217.5
2026-08-30T14:00:00Z,US-CAR-DUK,326.1
2026-08-30T14:00:00Z,US-MIDA-PJM,332.0
2026-08-30T14:00:00Z,US-NW-PACE,462.0
2026-08-30T14:00:00Z,US-NY-NYIS,250.7
2026-08-30T14:00:00Z,US-TEX-ERCO,276.4
2026-08-30T15:00:00Z,US-CAL-CISO,131.4
2026-08-30T15:00:00Z,US-CAR-DUK,323.2
2026-08-30T15:00:00Z,US-MIDA-PJM,335.6
2026-08-30T15:00:00Z,US-NW-PACE,402.8
2026-08-30T15:00:00Z,US-NY-NYIS,249.6
2026-08-30T15:00:00Z,US-TEX-ERCO,222.9
2026-08-30T16:00:00Z,US-CAL-CISO,91.3
2026-08-30T16:00:00Z,US-CAR-DUK,320.0
2026-08-30T16:00:00Z,US-MIDA-PJM,340.2
2026-08-30T16:00:00Z,US-NW-PACE,338.9
2026-08-30T16:00:00Z,US-NY-NYIS,258.9
2026-08-30T16:00:00Z,US-TEX-ERCO,216.2
2026-08-30T17:00:00Z,US-CAL-CISO,83.3
2026-08-30T17:00:00Z,US-CAR-DUK,337.9
2026-08-30T17:00:00Z,US-MIDA-PJM,341.9
2026-08-30T17:00:00Z,US-NW-PACE,317.8
2026-08-30T17:00:00Z,US-NY-NYIS,260.0
2026-08-30T17:00:00Z,US-TEX-ERCO,229.0
2026-08-30T18:00:00Z,US-CAL-CISO,85.0
2026-08-30T18:00:00Z,US-CAR-DUK,361.8
2026-08-30T18:00:00Z,US-MIDA-PJM,352.1
2026-08-30T18:00:00Z,US-NW-PACE,273.0
2026-08-30T18:00:00Z,US-NY-NYIS,264.8
2026-08-30T18:00:00Z,US-TEX-ERCO,251.9
2026-08-30T19:00:00Z,US-CAL-CISO,89.8
2026-08-30T19:00:00Z,US-CAR-DUK,373.9
2026-08-30T19:00:00Z,US-MIDA-PJM,356.3
2026-08-30T19:00:00Z,US-NW-PACE,281.6
2026-08-30T19:00:00Z,US-NY-NYIS,260.0
2026-08-30T19:00:00Z,US-TEX-ERCO,271.3
2026-08-30T20:00:00Z,US-CAL-CISO,88.8
2026-08-30T20:00:00Z,US-CAR-DUK,371.9
2026-08-30T20:00:00Z,US-MIDA-PJM,356.4
2026-08-30T20:00:00Z,US-NW-PACE,320.0
2026-08-30T20:00:00Z,US-NY-NYIS,267.3
2026-08-30T20:00:00Z,US-TEX-ERCO,283.3
2026-08-30T21:00:00Z,US-CAL-CISO,86.1
2026-08-30T21:00:00Z,US-CAR-DUK,369.6
2026-08-30T21:00:00Z,US-MIDA-PJM,364.8
2026-08-30T21:00:00Z,US-NW-PACE,335.2
2026-08-30T21:00:00Z,US-NY-NYIS,270.4
2026-08-30T21:00:00Z,US-TEX-ERCO,292.5
2026-08-30T22:00:00Z,US-CAL-CISO,92.4
2026-08-30T22:00:00Z,US-CAR-DUK,375.5
2026-08-30T22:00:00Z,US-MIDA-PJM,371.1
2026-08-30T22:00:00Z,US-NW-PACE,356.5
2026-08-30T22:00:00Z,US-NY-NYIS,272.9
2026-08-30T22:00:00Z,US-TEX-ERCO,299.6
2026-08-30T23:00:00Z,US-CAL-CISO,96.8
2026-08-30T23:00:00Z,US-CAR-DUK,380.4
2026-08-30T23:00:00Z,US-MIDA-PJM,385.8
2026-08-30T23:00:00Z,US-NW-PACE,369.9
2026-08-30T23:00:00Z,US-NY-NYIS,281.7
2026-08-30T23:00:00Z,US-TEX-ERCO,306.2
2026-08-31T00:00:00Z,US-CAL-CISO,113.4
2026-08-31T00:00:00Z,US-CAR-DUK,385.1
2026-08-31T00:00:00Z,US-MIDA-PJM,403.0
2026-08-31T00:00:00Z,US-NW-PACE,364.8
2026-08-31T00:00:00Z,US-NY-NYIS,281.1
2026-08-31T00:00:00Z,US-TEX-ERCO,329.4
2026-08-31T01:00:00Z,US-CAL-CISO,148.6
2026-08-31T01:00:00Z,US-CAR-DUK,384.9
2026-08-31T01:00:00Z,US-MIDA-PJM,409.8
2026-08-31T01:00:00Z,US-NW-PACE,397.9
2026-08-31T01:00:00Z,US-NY-NYIS,281.2
2026-08-31T01:00:00Z,US-TEX-ERCO,378.2
2026-08-31T02:00:00Z,US-CAL-CISO,225.9
2026-08-31T02:00:00Z,US-CAR-DUK,380.5
2026-08-31T02:00:00Z,US-MIDA-PJM,407.6
2026-08-31T02:00:00Z,US-NW-PACE,497.7
2026-08-31T02:00:00Z,US-NY-NYIS,279.8
2026-08-31T02:00:00Z,US-TEX-ERCO,390.7
2026-08-31T03:00:00Z,US-CAL-CISO,263.1
2026-08-31T03:00:00Z,US-CAR-DUK,379.8
2026-08-31T03:00:00Z,US-MIDA-PJM,404.5
2026-08-31T03:00:00Z,US-NW-PACE,559.5
2026-08-31T03:00:00Z,US-NY-NYIS,287.3
2026-08-31T03:00:00Z,US-TEX-ERCO,379.6
2026-08-31T04:00:00Z,US-CAL-CISO,261.6
2026-08-31T04:00:00Z,US-CAR-DUK,373.7
2026-08-31T04:00:00Z,US-MIDA-PJM,394.5
2026-08-31T04:00:00Z,US-NW-PACE,586.2
2026-08-31T04:00:00Z,US-NY-NYIS,286.7
2026-08-31T04:00:00Z,US-TEX-ERCO,362.9
2026-08-31T05:00:00Z,US-CAL-CISO,262.6
2026-08-31T05:00:00Z,US-CAR-DUK,354.8
2026-08-31T05:00:00Z,US-MIDA-PJM,391.6
2026-08-31T05:00:00Z,US-NW-PACE,612.4
2026-08-31T05:00:00Z,US-NY-NYIS,281.7
2026-08-31T05:00:00Z,US-TEX-ERCO,346.9
2026-08-31T06:00:00Z,US-CAL-CISO,262.1
2026-08-31T06:00:00Z,US-CAR-DUK,330.9
2026-08-31T06:00:00Z,US-MIDA-PJM,385.0
2026-08-31T06:00:00Z,US-NW-PACE,605.2
2026-08-31T06:00:00Z,US-NY-NYIS,277.8
2026-08-31T06:00:00Z,US-TEX-ERCO,334.7
2026-08-31T07:00:00Z,US-CAL-CISO,254.4
2026-08-31T07:00:00Z,US-CAR-DUK,323.8
2026-08-31T07:00:00Z,US-MIDA-PJM,380.7
2026-08-31T07:00:00Z,US-NW-PACE,591.2
2026-08-31T07:00:00Z,US-NY-NYIS,273.3
2026-08-31T07:00:00Z,US-TEX-ERCO,327.7
2026-08-31T08:00:00Z,US-CAL-CISO,261.0
2026-08-31T08:00:00Z,US-CAR-DUK,323.5
2026-08-31T08:00:00Z,US-MIDA-PJM,376.2
2026-08-31T08:00:00Z,US-NW-PACE,598.1
2026-08-31T08:00:00Z,US-NY-NYIS,271.2
2026-08-31T08:00:00Z,US-TEX-ERCO,326.0
2026-08-31T09:00:00Z,US-CAL-CISO,261.4
2026-08-31T09:00:00Z,US-CAR-DUK,323.7
2026-08-31T09:00:00Z,US-MIDA-PJM,373.9
2026-08-31T09:00:00Z,US-NW-PACE,607.6
2026-08-31T09:00:00Z,US-NY-NYIS,274.8
2026-08-31T09:00:00Z,US-TEX-ERCO,328.9
2026-08-31T10:00:00Z,US-CAL-CISO,257.6
2026-08-31T10:00:00Z,US-CAR-DUK,328.4
2026-08-31T10:00:00Z,US-MIDA-PJM,374.7
2026-08-31T10:00:00Z,US-NW-PACE,611.4
2026-08-31T10:00:00Z,US-NY-NYIS,276.2
2026-08-31T10:00:00Z,US-TEX-ERCO,341.4
2026-08-31T11:00:00Z,US-CAL-CISO,259.0
2026-08-31T11:00:00Z,US-CAR-DUK,332.2
2026-08-31T11:00:00Z,US-MIDA-PJM,385.3
2026-08-31T11:00:00Z,US-NW-PACE,610.6
2026-08-31T11:00:00Z,US-NY-NYIS,284.4
2026-08-31T11:00:00Z,US-TEX-ERCO,364.7
2026-08-31T12:00:00Z,US-CAL-CISO,261.9
2026-08-31T12:00:00Z,US-CAR-DUK,323.3
2026-08-31T12:00:00Z,US-MIDA-PJM,390.4
2026-08-31T12:00:00Z,US-NW-PACE,585.9
2026-08-31T12:00:00Z,US-NY-NYIS,282.0
2026-08-31T12:00:00Z,US-TEX-ERCO,389.3
2026-08-31T13:00:00Z,US-CAL-CISO,253.6
2026-08-31T13:00:00Z,US-CAR-DUK,313.9
2026-08-31T13:00:00Z,US-MIDA-PJM,379.2
2026-08-31T13:00:00Z,US-NW-PACE,582.5
2026-08-31T13:00:00Z,US-NY-NYIS,282.1
2026-08-31T13:00:00Z,US-TEX-ERCO,393.9
2026-08-31T14:00:00Z,US-CAL-CISO,250.5
2026-08-31T14:00:00Z,US-CAR-DUK,304.6
2026-08-31T14:00:00Z,US-MIDA-PJM,368.6
2026-08-31T14:00:00Z,US-NW-PACE,577.8
2026-08-31T14:00:00Z,US-NY-NYIS,279.4
2026-08-31T14:00:00Z,US-TEX-ERCO,316.0
2026-08-31T15:00:00Z,US-CAL-CISO,181.5
2026-08-31T15:00:00Z,US-CAR-DUK,311.0
2026-08-31T15:00:00Z,US-MIDA-PJM,365.0
2026-08-31T15:00:00Z,US-NW-PACE,496.7
2026-08-31T15:00:00Z,US-NY-NYIS,280.9
2026-08-31T15:00:00Z,US-TEX-ERCO,259.6
2026-08-31T16:00:00Z,US-CAL-CISO,123.4
2026-08-31T16:00:00Z,US-CAR-DUK,335.1
2026-08-31T16:00:00Z,US-MIDA-PJM,369.8
2026-08-31T16:00:00Z,US-NW-PACE,436.8
2026-08-31T16:00:00Z,US-NY-NYIS,283.0
2026-08-31T16:00:00Z,US-TEX-ERCO,252.6
2026-08-31T17:00:00Z,US-CAL-CISO,112.0
2026-08-31T17:00:00Z,US-CAR-DUK,362.9
2026-08-31T17:00:00Z,US-MIDA-PJM,377.2
2026-08-31T17:00:00Z,US-NW-PACE,452.3
2026-08-31T17:00:00Z,US-NY-NYIS,277.9
2026-08-31T17:00:00Z,US-TEX-ERCO,256.7
2026-08-31T18:00:00Z,US-CAL-CISO,105.1
2026-08-31T18:00:00Z,US-CAR-DUK,370.5
2026-08-31T18:00:00Z,US-MIDA-PJM,385.4
2026-08-31T18:00:00Z,US-NW-PACE,430.7
2026-08-31T18:00:00Z,US-NY-NYIS,276.0
2026-08-31T18:00:00Z,US-TEX-ERCO,280.0
2026-08-31T19:00:00Z,US-CAL-CISO,104.2
2026-08-31T19:00:00Z,US-CAR-DUK,375.9
2026-08-31T19:00:00Z,US-MIDA-PJM,386.2
2026-08-31T19:00:00Z,US-NW-PACE,427.3
2026-08-31T19:00:00Z,US-NY-NYIS,280.9
2026-08-31T19:00:00Z,US-TEX-ERCO,300.9
2026-08-31T20:00:00Z,US-CAL-CISO,96.3
2026-08-31T20:00:00Z,US-CAR-DUK,377.7
2026-08-31T20:00:00Z,US-MIDA-PJM,393.2
2026-08-31T20:00:00Z,US-NW-PACE,420.9
2026-08-31T20:00:00Z,US-NY-NYIS,286.1
2026-08-31T20:00:00Z,US-TEX-ERCO,305.4
2026-08-31T21:00:00Z,US-CAL-CISO,90.5
2026-08-31T21:00:00Z,US-CAR-DUK,378.9
2026-08-31T21:00:00Z,US-MIDA-PJM,392.4
2026-08-31T21:00:00Z,US-NW-PACE,430.8
2026-08-31T21:00:00Z,US-NY-NYIS,282.6
2026-08-31T21:00:00Z,US-TEX-ERCO,312.5
2026-08-31T22:00:00Z,US-CAL-CISO,88.0
2026-08-31T22:00:00Z,US-CAR-DUK,380.7
2026-08-31T22:00:00Z,US-MIDA-PJM,397.5
2026-08-31T22:00:00Z,US-NW-PACE,456.0
2026-08-31T22:00:00Z,US-NY-NYIS,282.4
2026-08-31T22:00:00Z,US-TEX-ERCO,313.9
2026-08-31T23:00:00Z,US-CAL-CISO,91.2
2026-08-31T23:00:00Z,US-CAR-DUK,384.8
2026-08-31T23:00:00Z,US-MIDA-PJM,408.0
2026-08-31T23:00:00Z,US-NW-PACE,554.3
2026-08-31T23:00:00Z,US-NY-NYIS,282.0
2026-08-31T23:00:00Z,US-TEX-ERCO,317.7
2026-09-01T00:00:00Z,US-CAL-CISO,102.3
2026-09-01T00:00:00Z,US-CAR-DUK,391.8
2026-09-01T00:00:00Z,US-MIDA-PJM,419.1
2026-09-01T00:00:00Z,US-NW-PACE,638.4
2026-09-01T00:00:00Z,US-NY-NYIS,281.3
2026-09-01T00:00:00Z,US-TEX-ERCO,338.0
2026-09-01T01:00:00Z,US-CAL-CISO,131.8
2026-09-01T01:00:00Z,US-CAR-DUK,395.2
2026-09-01T01:00:00Z,US-MIDA-PJM,424.7
2026-09-01T01:00:00Z,US-NW-PACE,709.7
2026-09-01T01:00:00Z,US-NY-NYIS,284.1
2026-09-01T01:00:00Z,US-TEX-ERCO,374.7
2026-09-01T02:00:00Z,US-CAL-CISO,201.2
2026-09-01T02:00:00Z,US-CAR-DUK,395.9
2026-09-01T02:00:00Z,US-MIDA-PJM,422.3
2026-09-01T02:00:00Z,US-NW-PACE,745.8
2026-09-01T02:00:00Z,US-NY-NYIS,288.5
2026-09-01T02:00:00Z,US-TEX-ERCO,384.6
2026-09-01T03:00:00Z,US-CAL-CISO,235.5
2026-09-01T03:00:00Z,US-CAR-DUK,398.8
2026-09-01T03:00:00Z,US-MIDA-PJM,418.5
2026-09-01T03:00:00Z,US-NW-PACE,722.3
2026-09-01T03:00:00Z,US-NY-NYIS,295.4
2026-09-01T03:00:00Z,US-TEX-ERCO,378.3
2026-09-01T04:00:00Z,US-CAL-CISO,240.8
2026-09-01T04:00:00Z,US-CAR-DUK,390.2
2026-09-01T04:00:00Z,US-MIDA-PJM,412.7
2026-09-01T04:00:00Z,US-NW-PACE,656.8
2026-09-01T04:00:00Z,US-NY-NYIS,292.0
2026-09-01T04:00:00Z,US-TEX-ERCO,372.5
2026-09-01T05:00:00Z,US-CAL-CISO,252.2
2026-09-01T05:00:00Z,US-CAR-DUK,385.3
2026-09-01T05:00:00Z,US-MIDA-PJM,401.5
2026-09-01T05:00:00Z,US-NW-PACE,624.6
2026-09-01T05:00:00Z,US-NY-NYIS,281.9
2026-09-01T05:00:00Z,US-TEX-ERCO,368.4
2026-09-01T06:00:00Z,US-CAL-CISO,246.1
2026-09-01T06:00:00Z,US-CAR-DUK,381.0
2026-09-01T06:00:00Z,US-MIDA-PJM,392.4
2026-09-01T06:00:00Z,US-NW-PACE,644.1
2026-09-01T06:00:00Z,US-NY-NYIS,274.6
2026-09-01T06:00:00Z,US-TEX-ERCO,370.4
2026-09-01T07:00:00Z,US-CAL-CISO,246.5
2026-09-01T07:00:00Z,US-CAR-DUK,377.3
2026-09-01T07:00:00Z,US-MIDA-PJM,387.6
2026-09-01T07:00:00Z,US-NW-PACE,666.1
2026-09-01T07:00:00Z,US-NY-NYIS,271.0
2026-09-01T07:00:00Z,US-TEX-ERCO,373.5
2026-09-01T08:00:00Z,US-CAL-CISO,255.0
2026-09-01T08:00:00Z,US-CAR-DUK,366.4
2026-09-01T08:00:00Z,US-MIDA-PJM,381.4
2026-09-01T08:00:00Z,US-NW-PACE,713.1
2026-09-01T08:00:00Z,US-NY-NYIS,266.1
2026-09-01T08:00:00Z,US-TEX-ERCO,379.7
2026-09-01T09:00:00Z,US-CAL-CISO,247.7
2026-09-01T09:00:00Z,US-CAR-DUK,358.8
2026-09-01T09:00:00Z,US-MIDA-PJM,379.3
2026-09-01T09:00:00Z,US-NW-PACE,718.6
2026-09-01T09:00:00Z,US-NY-NYIS,262.3
2026-09-01T09:00:00Z,US-TEX-ERCO,386.6
2026-09-01T10:00:00Z,US-CAL-CISO,243.6
2026-09-01T10:00:00Z,US-CAR-DUK,364.2
2026-09-01T10:00:00Z,US-MIDA-PJM,388.1
2026-09-01T10:00:00Z,US-NW-PACE,705.3
2026-09-01T10:00:00Z,US-NY-NYIS,268.6
2026-09-01T10:00:00Z,US-TEX-ERCO,389.2
2026-09-01T11:00:00Z,US-CAL-CISO,245.9
2026-09-01T11:00:00Z,US-CAR-DUK,363.0
2026-09-01T11:00:00Z,US-MIDA-PJM,403.6
2026-09-01T11:00:00Z,US-NW-PACE,728.4
2026-09-01T11:00:00Z,US-NY-NYIS,277.2
2026-09-01T11:00:00Z,US-TEX-ERCO,399.2
2026-09-01T12:00:00Z,US-CAL-CISO,249.0
2026-09-01T12:00:00Z,US-CAR-DUK,359.6
2026-09-01T12:00:00Z,US-MIDA-PJM,412.9
2026-09-01T12:00:00Z,US-NW-PACE,752.1
2026-09-01T12:00:00Z,US-NY-NYIS,284.5
2026-09-01T12:00:00Z,US-TEX-ERCO,403.7
2026-09-01T13:00:00Z,US-CAL-CISO,255.7
2026-09-01T13:00:00Z,US-CAR-DUK,344.2
2026-09-01T13:00:00Z,US-MIDA-PJM,403.2
2026-09-01T13:00:00Z,US-NW-PACE,740.1
2026-09-01T13:00:00Z,US-NY-NYIS,283.8
2026-09-01T13:00:00Z,US-TEX-ERCO,405.1
2026-09-01T14:00:00Z,US-CAL-CISO,260.1
2026-09-01T14:00:00Z,US-CAR-DUK,346.9
2026-09-01T14:00:00Z,US-MIDA-PJM,394.5
2026-09-01T14:00:00Z,US-NW-PACE,701.8
2026-09-01T14:00:00Z,US-NY-NYIS,286.9
2026-09-01T14:00:00Z,US-TEX-ERCO,347.2
2026-09-01T15:00:00Z,US-CAL-CISO,156.3
2026-09-01T15:00:00Z,US-CAR-DUK,358.5
2026-09-01T15:00:00Z,US-MIDA-PJM,399.4
2026-09-01T15:00:00Z,US-NW-PACE,522.6
2026-09-01T15:00:00Z,US-NY-NYIS,291.8
2026-09-01T15:00:00Z,US-TEX-ERCO,292.1
2026-09-01T16:00:00Z,US-CAL-CISO,91.9
2026-09-01T16:00:00Z,US-CAR-DUK,367.8
2026-09-01T16:00:00Z,US-MIDA-PJM,401.6
2026-09-01T16:00:00Z,US-NW-PACE,385.9
2026-09-01T16:00:00Z,US-NY-NYIS,296.1
2026-09-01T16:00:00Z,US-TEX-ERCO,278.5
2026-09-01T17:00:00Z,US-CAL-CISO,75.5
2026-09-01T17:00:00Z,US-CAR-DUK,373.0
2026-09-01T17:00:00Z,US-MIDA-PJM,403.8
2026-09-01T17:00:00Z,US-NW-PACE,357.1
2026-09-01T17:00:00Z,US-NY-NYIS,294.5
2026-09-01T17:00:00Z,US-TEX-ERCO,273.7
2026-09-01T18:00:00Z,US-CAL-CISO,70.1
2026-09-01T18:00:00Z,US-CAR-DUK,369.2
2026-09-01T18:00:00Z,US-MIDA-PJM,405.6
2026-09-01T18:00:00Z,US-NW-PACE,353.0
2026-09-01T18:00:00Z,US-NY-NYIS,297.5
2026-09-01T18:00:00Z,US-TEX-ERCO,292.9
2026-09-01T19:00:00Z,US-CAL-CISO,67.1
2026-09-01T19:00:00Z,US-CAR-DUK,371.5
2026-09-01T19:00:00Z,US-MIDA-PJM,405.1
2026-09-01T19:00:00Z,US-NW-PACE,349.4
2026-09-01T19:00:00Z,US-NY-NYIS,295.7
2026-09-01T19:00:00Z,US-TEX-ERCO,319.2
2026-09-01T20:00:00Z,US-CAL-CISO,67.7
2026-09-01T20:00:00Z,US-CAR-DUK,372.6
2026-09-01T20:00:00Z,US-MIDA-PJM,410.7
2026-09-01T20:00:00Z,US-NW-PACE,338.9
2026-09-01T20:00:00Z,US-NY-NYIS,293.2
2026-09-01T20:00:00Z,US-TEX-ERCO,322.0
2026-09-01T21:00:00Z,US-CAL-CISO,67.4
2026-09-01T21:00:00Z,US-CAR-DUK,373.1
2026-09-01T21:00:00Z,US-MIDA-PJM,419.8
2026-09-01T21:00:00Z,US-NW-PACE,332.6
2026-09-01T21:00:00Z,US-NY-NYIS,293.8
2026-09-01T21:00:00Z,US-TEX-ERCO,323.0
2026-09-01T22:00:00Z,US-CAL-CISO,66.0
2026-09-01T22:00:00Z,US-CAR-DUK,376.1
2026-09-01T22:00:00Z,US-MIDA-PJM,426.0
2026-09-01T22:00:00Z,US-NW-PACE,332.6
2026-09-01T22:00:00Z,US-NY-NYIS,292.0
2026-09-01T22:00:00Z,US-TEX-ERCO,335.0
2026-09-01T23:00:00Z,US-CAL-CISO,66.5
2026-09-01T23:00:00Z,US-CAR-DUK,379.6
2026-09-01T23:00:00Z,US-MIDA-PJM,435.9
2026-09-01T23:00:00Z,US-NW-PACE,323.7
2026-09-01T23:00:00Z,US-NY-NYIS,296.6
2026-09-01T23:00:00Z,US-TEX-ERCO,348.1
2026-09-02T00:00:00Z,US-CAL-CISO,76.6
2026-09-02T00:00:00Z,US-CAR-DUK,385.9
2026-09-02T00:00:00Z,US-MIDA-PJM,445.6
2026-09-02T00:00:00Z,US-NW-PACE,311.2
2026-09-02T00:00:00Z,US-NY-NYIS,298.1
2026-09-02T00:00:00Z,US-TEX-ERCO,369.4
2026-09-02T01:00:00Z,US-CAL-CISO,96.4
2026-09-02T01:00:00Z,US-CAR-DUK,385.7
2026-09-02T01:00:00Z,US-MIDA-PJM,447.1
2026-09-02T01:00:00Z,US-NW-PACE,374.9
2026-09-02T01:00:00Z,US-NY-NYIS,294.4
2026-09-02T01:00:00Z,US-TEX-ERCO,396.5
2026-09-02T02:00:00Z,US-CAL-CISO,179.0
2026-09-02T02:00:00Z,US-CAR-DUK,385.6
2026-09-02T02:00:00Z,US-MIDA-PJM,444.8
2026-09-02T02:00:00Z,US-NW-PACE,529.7
2026-09-02T02:00:00Z,US-NY-NYIS,299.0
2026-09-02T02:00:00Z,US-TEX-ERCO,405.8
2026-09-02T03:00:00Z,US-CAL-CISO,224.0
2026-09-02T03:00:00Z,US-CAR-DUK,385.5
2026-09-02T03:00:00Z,US-MIDA-PJM,442.3
2026-09-02T03:00:00Z,US-NW-PACE,594.3
2026-09-02T03:00:00Z,US-NY-NYIS,291.9
2026-09-02T03:00:00Z,US-TEX-ERCO,397.0
2026-09-02T04:00:00Z,US-CAL-CISO,222.5
2026-09-02T04:00:00Z,US-NW-PACE,615.9
2026-09-02T04:00:00Z,US-TEX-ERCO,387.0
2026-09-02T05:00:00Z,US-CAL-CISO,219.2
2026-09-02T05:00:00Z,US-NW-PACE,628.4
2026-09-02T06:00:00Z,US-CAL-CISO,208.3
